post,spam_label,subject
Buy followers instantly,spam,NA
Earn money from home. Suitable for college students and working professionals. Check it out ! Https://worfjbd.!hbj?gyj,spam,NA
i love this so much. AND also I Generate Free Leads on Auto Pilot &amp; You Can  Too! http://www.MyLeaderGate.com/moretrafficď»ż,spam,NA
"Hey guys! Please join me in my fight to help abused/mistreated animals! All  fund will go to helping pay for vet bills/and or helping them find homes! I  will place an extra emphasis on helping disabled animals, ones otherwise  would just be put to sleep by other animal organizations. Donate please. http://www.gofundme.com/Angels-n-Wingzď»ż",spam,NA
Hey everyone. Watch this trailer!!!!!!!!  http://believemefilm.com?hlr=h2hQBUVBď»ż,spam,NA
"Subscribe pleaaaase to my instagram account , i'll subscribe back â™Ą  http://instagram.com/cyrine_ghorbelď»ż",spam,NA
hey guys!! visit my channel pleaase (i'm searching a dream)ď»ż,spam,NA
Nice! http://www.barnesandnoble.com/s/BDP?csrfToken=I9tIxe8cNkCosOqkEMGjLU5uwv6nSXSO&amp;sort=DD&amp;size=90&amp;csrftoken=89Iyec7nrWP5NYtnO5U7amhVmfLUtgGL&amp;dref=5094&amp;keyword=BDP&amp;store=EBOOK ď»ż,spam,NA
http://www.twitch.tv/daconnormcď»ż,spam,NA
"Go study first, you dumbhead! You have used wrong variables to solve the given questions. Clearly, for large decimal number, a long datatype will be used but you have used float which is incorrect and hence it can not be used for dividing the number. I don't think you have even grasped the basics!",spam,NA
Subscribe me pleaseď»ż,spam,NA
Check out my covers I have a video coming out  please subscribeď»ż,spam,NA
Subscribe to My CHANNELď»ż,spam,NA
Hey guys. I am a very small YouTuber I upload videos nearly every single  day. I once hope to be like shikas so can you please give 2 mins of your  life to view this channel. and my new video is on how to watch all the  anime for free. and I am pretty sure you wont regret visiting this channel. Thank you!ď»ż,spam,NA
http://www.rtbf.be/tv/emission/detail_the-voice-belgique/toutes-les-auditions/auditionDetail_?emissionId=3873&amp;id=342  Please join me to the voice Liked and shared it please to win more audition  score. Thanks so muchď»ż,spam,NA
Bro thinks the world revolves around him. Old delusional hypocrite!,spam,NA
"Let me tell you, I was only listening and you were the first one to talk trash about me..",spam,NA
You remind me of last bread pieces which means NOBODY wants you BRAT!,spam,NA
"But the truth is you are the worst person I have ever seen. Okay, you may go now!",spam,NA
"So sad to look at your disgusting, ugly, dark face like yours!",spam,NA
I suggest you to realize how stupid you are to talk like that! Crazy shit!,spam,NA
Help Please!!  http://www.gofundme.com/RJanimalcareď»ż,spam,NA
http://www.mediafire.com/download/yvovhafsv5qzzqo/Video.rar    download and  make money today ď»ż,spam,NA
http://www.ebay.com/itm/131275322914?ssPageName=STRK:MESELX:IT&amp;_trksid=p3984.m1555.l2649 ď»ż,spam,NA
 Haha! So now who is talking? Just some dogs barking. And I don't care about you anymore so shut up.,spam,NA
https://www.facebook.com/pages/%D8%AA%D8%AD%D9%85%D9%8A%D9%84-%D8%A7%D8%AC%D9%85%D9%84-%D8%A7%D9%84%D8%A7%D9%85%D9%88%D8%B3%D9%8A%D9%82%D9%89___-music/674732645945877 ď»ż,spam,NA
"Hello! I'm Marian. Besides studying, singing is my side hustle! I was part of a boy-girl band named cubik, and I'm now singing on my own  'cause I wanted to play my own pop and pop-rock songs.  It would mean a lot if you could have a look at my channel to check my  music and watch my new video!! and if u like, subscribe to it! XOXO THANKS!!  PS: if you like a lot my channel, you can share it with your friends!!  Haha!! LOL »ż",spam,NA
Calling you an idiot would be an insult to stupid people. YOU are much worse than that !! HAHA PITY ON YOU!,spam,NA
You are so fat that your photo is still printing!,spam,NA
You always make the stupidest mistake. Always making brainless choices.,spam,NA
Crazy woman. Always talking shit about others. Have you seen yourself in the mirror?,spam,NA
http://www.bubblews.com/news/6401116-vps-solutionsď»ż,spam,NA
You are such a big mistake which cannot be fixed! HAHA.. How your parents are surviving you?,spam,NA
"  HI!:D!:) I am MELODY ,17 year old girl :) I DID SOME COVERS IN MY FREE TIME!!DID A COVER OF BIRTHDAY BY KATY PERRY!!  PLEASE JUST TAKE 1 SECOND AND WATCH IT!! THANKS, â€¦.    !!!  &lt;3  XX HAVE A NICE DAY!!:Dď»ż",spam,NA
Nicee!!sabrosura viva https://soundcloud.com/yerki-elinmigrante/yerki-myb-move-your-bodyď»ż,spam,NA
"Hey guys go to check my Post on ""growtopia my story""ď»ż",spam,NA
http://shhort.com/a?r=Jt2ufxHxcď»ż,spam,NA
If idiots could fly than your house would be an airport!,spam,NA
"You're a broken pencil, totally pointless.",spam,NA
Go away you dirty dog! Go bark somewhere else..,spam,NA
I cannot actually tolerate a jerk like you . ,spam,NA
Seriously why do you still exist? I hope that you break your leg die someday!,spam,NA
Thank you for liking my post guys! Love you all. Please follow more such content on my insta @axe.f?lrf!jonssonsď»ż,spam,NA
"Okay guys listen, here is a cute love story! Leave this topic and go watch this first!! I DARE YOU !! http://www.wattpad.com/story/26032883-she-can-love-you-goodď»ż",spam,NA
Please share and help to my Friend! http://www.gofundme.com/jormis  Thank  you very much!ď»ż,spam,NA
"Check out our vids, our songs are awesome! And that I guarantee :)ď»ż",spam,NA
Click For iTunes code http://shhort.com/a?r=0LaviqU2bď»ż,spam,NA
This content is awesome and I loved it so much . You achieved so much and I couldn't believe that . Guys if  you could take 1min to go to my channel and watch my first video I would be  greatly thankful for this :) ty guys you're awesome xoxoď»ż,spam,NA
Hi guys i sell Jack Daniel's Hard Back Cover Case for iPhone 5 5S 5C 4S 4   6'' Old Time with only 3 Dollars on Ebay:  http://www.ebay.com/itm/251638183951?ssPageName=STRK:MESELX:IT&amp;_trksid=p3984.m1555.l2649 ď»ż,spam,NA
Can you check my posts please? Don't hate me :( Give me one opportunityď»ż,spam,NA
" ATTENTION !! I have some serious health issues and need money for treatment!! We dont have time on hand, Its Time Wasting. View it only for 30 sec for funding me 10 bucks!!. Plz thumbs up and shareď»ż",spam,NA
"hey guys i really want to attempt this contest  so i need a lot of likes and im loosing :( so please if you could like  this picture it would be very nice, thank you :) https://www.facebook.com/exagdl/photos/a.936868579660284.1073741943.111719098841907/937732262907249/?type=1&amp;theater ď»ż",spam,NA
"Great explanation! Admire your creativity! A kind request, Check  out our channel for no nonsense mobile tech reviews and comparisons as well  as an iPhone 6 and 6 Plus review and comparison!",spam,NA
Like my comment RIGHT NOW if you wish not to fail in upcoming exams!!!,spam,NA
You deserve my middle finger for sure XD !,spam,NA
why are you studying girl? You are the one who will take a huge amount of alimony from your husband as you are good for nothing!,spam,NA
https://www.reverbnation.com/slicknick313/songsď»ż,spam,NA
Why don't you tall me that you are being jealous of me.,spam,NA
"People, here is a new network for college students...you register also free, the  difference is only that you get paid for sharing, commenting and liking  posts and so on...don't waste your time here for sharing and not being  paid!! Register here to make also money with your everyday posts!!  https://www.tsu.co/slema13 Wellcome to everyone! ;)ď»ż",spam,NA
"Bored after stydying too much? #nowplaying ""Weekendmix"" track 04 : Katy Perry - Roar (DJ Denis Shmelev &amp; DJ Alex Serov Remix) http://youtu.be/CevxZvSJLk8   Listen live at: www.smartfm.nl/livestream.htmlď»ż",spam,NA
"You are so fake spoken, even a plastic is jealous of you!",spam,NA
LOL you are so funny when you're mad,spam,NA
https://viralangels.com/user/d4aaacwkď»ż,spam,NA
If interested in making extra money by internet use the next link www.swagbucks.com/refer/Nonturtle02ď»ż,spam,NA
Dude why are you vomiting here? Go away and die with your already dead brain !,spam,NA
"Hello, nice to talk to you! follow me on instagram bigboss286ď»ż",spam,NA
Free itunes $25 giftcard codes: http://shhort.com/a?r=OOCnjqU2bď»ż,spam,NA
NOBODY asked you Dumbass !!,spam,NA
"OH leave from here, you FOOL! You're the only one being so annoying here!",spam,NA
Please look at my post and hit like if you agree with me !,spam,NA
"My three bigger secrets are: check out https://Secret ?by !Austin@"" Mahone's>{ NEW Single!ď»ż",spam,NA
Now let's talk on fb ! https://www.facebook.com/pages/Nailey-nicool/629410220489046?ref=hl like  meeď»ż,spam,NA
"Look who is talking? Will you please shut up, you fat bitch!",spam,NA
Hi everyone! My dream is to have 1 million followers Some people do not believe in me but maybe you will. It's part of my life and it pushes me to be a better person! Please give me a chance by giving me a thumbs up! If you love my ambition please LIKE!ď»ż,spam,NA
"Seriously, you are being too much now. Always a slacky oversmart faggot who is also teacher's pet!",spam,NA
Really it is Off - topic but let me tell you something.. My Beautiful Bella has been diagnosed with Wobbler's Syndrome. There is no  way we could afford to do her MRI or surgery. She is not just a dog she is  a very special member of our family. Without the surgery we fear we will  lose her. Please help!  http://www.gofundme.com/f7ekgwď»ż,spam,NA
https://www.facebook.com/pages/Komedi-burda-gel/775510675841486ď»ż,spam,NA
https://www.facebook.com/profile.php?id=100007085325116ď»ż,spam,NA
DOWNLOAD RAPID FACEBOOK FOR FREE NOW https://play.google.com/store/apps/details?id=com.rapid.facebook.magicdroidď»ż,spam,NA
Shut the fk up ! Close your filthy mouth and get out!,spam,NA
"Obviously, as I am a topper so I know more than a failing psycho!",spam,NA
Get in loser! We're going higher unlike YOU!!,spam,NA
OMG!I can't believe somebody can be THAT MUCH dumb! ,spam,NA
Has anyone tell you before about how ugly you actually look?,spam,NA
VOTE FOR PW FOR BEST STUDY PLATFORM NOMINATION! http://tv.mtvema.com/best/khtf/i38xh1ď»ż,spam,NA
You are such a loser! How can you get each damn answer wrong? Dumbhead heh!,spam,NA
"I hate you, you poor, dirty , crazy piece of shit!",spam,NA
"Hello guys, I was studying yesterday and suddenly I discovered a channel which offers free exam notes! Go check it out here: https://exam.fever!gvh?coins""{\collect@dnjck",spam,NA
Haha you suck! poopie nigga ,spam,NA
You are shorter than my socks! Literal bookworm with no proper knowledge.. Huh,spam,NA
"Hey ! I know most people don't like these kind of posts specially here and ; see at spam,  but I see as free advertising . So please check out my cover of Sparks Fly  by Taylor Swift ! It is not the best ever I know, but maybe with some  encouraging words of wisdom from many of you I can become better! Please go  to my channel and check it out !ď»ż",spam,NA
"You have your entire life to be an idiot. So, why waste my time today? PLEASE STOP!!",spam,NA
I don't like you even a bit. Will you please stop being oversmart acting like you know everything?,spam,NA
This explanation SUCKS! Check out my video explanation here! thanks -&gt;   /watch?v=NO9pOVZ9OIQ&amp;list=UUltuCDIHsDeI01by1OW7WuQď»ż,spam,NA
Sign up for free on TSU and start making money on social media add/follow  me and ill add follow you!! http://tsu.co/Roberts9010ď»ż,spam,NA
Shut up if you don't understand the basics! You know nothing and act like Einstein! Such a waste.,spam,NA
Welcome party pooper! What a stupid logic to build and also post it in this forum! Why don't you realize that you are insulting yourself?,spam,NA
 Learn to HACK Facebook accounts !! http://hackfbaccountlive.com/?ref=4477063ď»ż,spam,NA
I don't wanna waste my time here talking to you! You are such a waste of time and money! Why haven't your parents disown you?,spam,NA
How can I reverse an array without using an extra array?,genuine,DSA
What is the most efficient way to find duplicate elements in an array?,genuine,DSA
How do prefix sums help in solving range query problems?,genuine,DSA
Why is binary search faster than linear search on sorted arrays?,genuine,DSA
How can I find the maximum subarray sum efficiently?,genuine,DSA
What is the difference between static and dynamic arrays?,genuine,DSA
How can I rotate an array by k positions?,genuine,DSA
What is the best approach to merge two sorted arrays?,genuine,DSA
How do I identify whether an array contains a majority element?,genuine,DSA
What techniques are used to solve sliding window problems?,genuine,DSA
How does a singly linked list differ from a doubly linked list?,genuine,DSA
What are the advantages of using linked lists over arrays?,genuine,DSA
How can I detect a cycle in a linked list?,genuine,DSA
What is Floyd's Cycle Detection Algorithm?,genuine,DSA
How do I reverse a linked list iteratively?,genuine,DSA
What is the time complexity of inserting a node at the beginning of a linked list?,genuine,DSA
How can two sorted linked lists be merged efficiently?,genuine,DSA
What are the use cases of circular linked lists?,genuine,DSA
How do I find the middle node of a linked list in one traversal?,genuine,DSA
What is the difference between a circular and doubly linked list?,genuine,DSA
Why are stacks useful for expression evaluation?,genuine,DSA
How is stack memory different from heap memory?,genuine,DSA
What applications use stacks in real-world systems?,genuine,DSA
How can I implement a stack using arrays?,genuine,DSA
How can a stack be implemented using linked lists?,genuine,DSA
What causes stack overflow and how can it be prevented?,genuine,DSA
How is recursion internally managed using stacks?,genuine,DSA
How do postfix expressions simplify arithmetic evaluation?,genuine,DSA
What is the purpose of the peek operation in a stack?,genuine,DSA
How can two stacks be implemented in a single array?,genuine,DSA
What is the difference between a queue and a stack?,genuine,DSA
Why is a queue considered a FIFO data structure?,genuine,DSA
How can a queue be implemented using linked lists?,genuine,DSA
What are common applications of queues in operating systems?,genuine,DSA
How can a queue be implemented using two stacks?,genuine,DSA
What are the advantages of circular queues over linear queues?,genuine,DSA
How do front and rear pointers work in a circular queue?,genuine,DSA
How can queue overflow occur in a linear queue?,genuine,DSA
What is a deque and where is it used?,genuine,DSA
How does a priority queue differ from a normal queue?,genuine,DSA
What are the key characteristics of tree data structures?,genuine,DSA
How is a binary tree different from a general tree?,genuine,DSA
What are leaf nodes and internal nodes in a tree?,genuine,DSA
"How do preorder, inorder, and postorder traversals differ?",genuine,DSA
What is the height of a binary tree and how is it calculated?,genuine,DSA
How can recursion be used to traverse trees?,genuine,DSA
What is a complete binary tree?,genuine,DSA
What is a full binary tree?,genuine,DSA
How can the diameter of a tree be determined?,genuine,DSA
What are common real-world applications of tree structures?,genuine,DSA
Why are Binary Search Trees more efficient than binary trees for searching?,genuine,DSA
How does insertion work in a Binary Search Tree?,genuine,DSA
What happens when a node is deleted from a BST?,genuine,DSA
How can the minimum element be found in a BST?,genuine,DSA
Why can BST performance degrade in skewed trees?,genuine,DSA
How does inorder traversal produce sorted output in a BST?,genuine,DSA
What are predecessor and successor nodes in a BST?,genuine,DSA
How can BST search complexity vary with tree shape?,genuine,DSA
What causes imbalance in a Binary Search Tree?,genuine,DSA
How is a balanced BST different from an unbalanced BST?,genuine,DSA
Why were AVL trees introduced?,genuine,DSA
How do AVL trees maintain balance after insertion?,genuine,DSA
What is a balance factor in AVL trees?,genuine,DSA
When is a left rotation performed in an AVL tree?,genuine,DSA
What is the purpose of a right rotation in AVL trees?,genuine,DSA
How do AVL trees improve search performance?,genuine,DSA
What is a double rotation in AVL trees?,genuine,DSA
How can AVL trees prevent worst-case search complexity?,genuine,DSA
What is the difference between AVL trees and Red-Black trees?,genuine,DSA
Why are self-balancing trees important in databases?,genuine,DSA
What is a heap data structure and where is it used?,genuine,DSA
How is a max heap different from a min heap?,genuine,DSA
How can a heap be represented using arrays?,genuine,DSA
Why is heap sort considered an in-place sorting algorithm?,genuine,DSA
What are the advantages of using priority queues implemented with heaps?,genuine,DSA
How does insertion work in a binary heap?,genuine,DSA
What is heapify and why is it important?,genuine,DSA
How can the root element be removed from a heap?,genuine,DSA
What are some applications of heaps in scheduling systems?,genuine,DSA
Why is heap construction faster than repeated insertion?,genuine,DSA
What are vertices and edges in graph theory?,genuine,DSA
How is a graph represented using an adjacency matrix?,genuine,DSA
What are the advantages of adjacency lists over adjacency matrices?,genuine,DSA
How does Breadth First Search traverse a graph?,genuine,DSA
What is the difference between BFS and DFS?,genuine,DSA
How can cycle detection be performed in graphs?,genuine,DSA
What is topological sorting and where is it used?,genuine,DSA
How does Dijkstra’s algorithm find the shortest path?,genuine,DSA
What is a spanning tree in graph theory?,genuine,DSA
How can minimum spanning trees be constructed using Kruskal’s algorithm?,genuine,DSA
What are connected and disconnected graphs?,genuine,DSA
How do weighted graphs differ from unweighted graphs?,genuine,DSA
Why are graphs widely used in social networks and routing systems?,genuine,DSA
How does hashing help achieve constant-time search operations?,genuine,DSA
What causes collisions in hash tables and how are they resolved?,genuine,DSA
What is dynamic programming and when should it be applied?,genuine,DSA
How do greedy algorithms differ from dynamic programming approaches?,genuine,DSA
What are overlapping subproblems in dynamic programming?,genuine,DSA
How does memoization improve recursive algorithms?,genuine,DSA
What are the advantages and limitations of recursion?,genuine,DSA
What is a deadlock? Can someone explain with an example?,genuine,OS
What is the primary role of an operating system in a computer?                          ,genuine,OS
   How does a process differ from a program?                                               ,genuine,OS
   What are the different states of a process?                                             ,genuine,OS
   How does process scheduling improve system performance?                                 ,genuine,OS
   What is context switching and why is it necessary?                                      ,genuine,OS
   How does CPU scheduling affect response time? What is total throughput time?                                          ,genuine,OS
   What is the difference between preemptive and non-preemptive scheduling?                ,genuine,OS
   How does Round Robin scheduling work?                                                   ,genuine,OS
   What are the advantages of Shortest Job First scheduling?                               ,genuine,OS
   Why can FCFS scheduling cause the convoy effect?                                        ,genuine,OS
   What is a thread and how is it different from a process?                                ,genuine,OS
   How do multithreaded applications improve performance?                                  ,genuine,OS
   What are user-level threads and kernel-level threads?                                   ,genuine,OS
   How does thread synchronization work?                                                   ,genuine,OS
   What is a race condition in concurrent programming?                                     ,genuine,OS
   How do mutexes prevent race conditions?                                                 ,genuine,OS
   What is the purpose of semaphores in operating systems?                                 ,genuine,OS
   How does the producer-consumer problem illustrate synchronization issues?               ,genuine,OS
   What is a critical section in process synchronization?                                  ,genuine,OS
   How can deadlocks occur in a multi-process environment?                                 ,genuine,OS
   What are the four necessary conditions for deadlock?                                    ,genuine,OS
   How does deadlock prevention differ from deadlock avoidance?                            ,genuine,OS
   What is the Banker's Algorithm used for?                                                ,genuine,OS
   How can deadlock detection be implemented?                                              ,genuine,OS
   What happens when a deadlock is detected?                                               ,genuine,OS
   What is memory management in an operating system?                                       ,genuine,OS
   How does paging help manage memory efficiently?                                         ,genuine,OS
   What is segmentation in memory management?                                              ,genuine,OS
   How do paging and segmentation differ?                                                  ,genuine,OS
   What is virtual memory and why is it important?                                         ,genuine,OS
   How does demand paging work?                                                            ,genuine,OS
   What causes page faults in virtual memory systems?                                      ,genuine,OS
   What is thrashing and how can it be reduced?                                            ,genuine,OS
   How does swapping improve memory utilization?                                           ,genuine,OS
   What is internal fragmentation in memory allocation?                                    ,genuine,OS
   What is external fragmentation and how does it occur?                                   ,genuine,OS
   How does compaction reduce memory fragmentation?                                        ,genuine,OS
   What are fixed and dynamic partitioning techniques?                                     ,genuine,OS
   How does the operating system allocate memory to processes?                             ,genuine,OS
   What is the role of page replacement algorithms?                                        ,genuine,OS
   How does FIFO page replacement work?                                                    ,genuine,OS
   What are the drawbacks of FIFO page replacement?                                        ,genuine,OS
   How does LRU page replacement improve performance?                                      ,genuine,OS
   What is Belady’s anomaly in page replacement?                                           ,genuine,OS
   How does Optimal Page Replacement achieve the best results?                             ,genuine,OS
   What is a file system and why is it needed?                                             ,genuine,OS
   How are files organized in storage devices?                                             ,genuine,OS
   What is the difference between a file and a directory?                                  ,genuine,OS
   How do operating systems manage file permissions?                                       ,genuine,OS
   What is the purpose of file allocation methods?                                         ,genuine,OS
   How does contiguous file allocation work?                                               ,genuine,OS
   What are the advantages of linked file allocation?                                      ,genuine,OS
   How does indexed file allocation improve access efficiency?                             ,genuine,OS
   What is journaling in modern file systems?                                              ,genuine,OS
   How do operating systems handle file deletion?                                          ,genuine,OS
   What is the purpose of a disk scheduler?                                                ,genuine,OS
   How does FCFS disk scheduling work?                                                     ,genuine,OS
   What are the benefits of SSTF disk scheduling?                                          ,genuine,OS
   How does SCAN disk scheduling reduce seek time?                                         ,genuine,OS
   What is the difference between SCAN and C-SCAN algorithms?                              ,genuine,OS
   How do interrupts improve CPU efficiency?                                               ,genuine,OS
   What is an interrupt service routine?                                                   ,genuine,OS
   How does the operating system handle hardware interrupts?                               ,genuine,OS
   What is the difference between interrupts and polling?                                  ,genuine,OS
   What are system calls in operating systems?                                             ,genuine,OS
   How do user programs interact with the kernel?  What is shell in CPU?                             ,genuine,OS
   What is the purpose of kernel mode and user mode?                                       ,genuine,OS
   How does mode switching occur during execution?                                         ,genuine,OS
   What are the responsibilities of the kernel?                                            ,genuine,OS
   How does a monolithic kernel differ from a microkernel?                                 ,genuine,OS
   What are the advantages of microkernel architecture?                                    ,genuine,OS
   How does process creation occur in Linux?                                               ,genuine,OS
   What is the role of the fork() system call?                                             ,genuine,OS
   How does exec() differ from fork()?                                                     ,genuine,OS
   What is inter-process communication (IPC)?                                              ,genuine,OS
   How do pipes facilitate communication between processes?                                ,genuine,OS
   What are message queues used for in IPC?                                                ,genuine,OS
   How does shared memory improve communication speed?                                     ,genuine,OS
   What are signals in operating systems?                                                  ,genuine,OS
   How does process termination occur?                                                     ,genuine,OS
   What is a zombie process and how is it created?                                         ,genuine,OS
   What is an orphan process in Linux?                                                     ,genuine,OS
   How does process synchronization improve consistency?                                   ,genuine,OS
   What are real-time operating systems?                                                   ,genuine,OS
   How do hard real-time systems differ from soft real-time systems?                       ,genuine,OS
   What are the characteristics of distributed operating systems?                          ,genuine,OS
   How does a network operating system function?                                           ,genuine,OS
   What are the advantages of multiprocessor systems?                                      ,genuine,OS
   How does load balancing improve operating system performance?                           ,genuine,OS
   What is the purpose of cache memory in modern systems?                                  ,genuine,OS
   How does buffering improve I/O operations?                                              ,genuine,OS
   What is spooling and where is it used?                                                  ,genuine,OS
   How do operating systems ensure security and protection?                                ,genuine,OS
   What are access control mechanisms in operating systems?                                ,genuine,OS
   How does authentication help secure a system?                                           ,genuine,OS
   What is privilege escalation and why is it dangerous?                                   ,genuine,OS
   How does virtualization relate to operating systems?                                    ,genuine,OS
   What are the advantages of virtual machines?                                            ,genuine,OS
   How do containers differ from virtual machines?    ,genuine,OS
What is the primary purpose of a Database Management System?,genuine,DBMS
How does a DBMS differ from a traditional file system?,genuine,DBMS
What are the key advantages of using databases?,genuine,DBMS
What is data redundancy and how can it be minimized?,genuine,DBMS
How does data independence improve database design?,genuine,DBMS
What are the different types of database users?,genuine,DBMS
How do relational databases organize information?,genuine,DBMS
What is the significance of tables in a relational database?,genuine,DBMS
What is an entity in database design?,genuine,DBMS
How do attributes describe an entity?,genuine,DBMS
What is the purpose of an ER diagram?,genuine,DBMS
How do strong entities differ from weak entities?,genuine,DBMS
What are relationships in ER modeling? How we can form tables using it?,genuine,DBMS
How is cardinality represented in ER diagrams?,genuine,DBMS
What is participation constraint in ER modeling?,genuine,DBMS
What is a primary key and why is it important?,genuine,DBMS
How does a foreign key maintain data integrity?,genuine,DBMS
What is the difference between candidate keys and primary keys?,genuine,DBMS
How do composite keys uniquely identify records?,genuine,DBMS
What is a super key in a relational database?,genuine,DBMS
What is normalization and why is it required?,genuine,DBMS
How does First Normal Form eliminate repeating groups?,genuine,DBMS
What are the conditions for Second Normal Form?,genuine,DBMS
How does Third Normal Form reduce redundancy?,genuine,DBMS
What problems are solved by BCNF?,genuine,DBMS
How does normalization improve database consistency?,genuine,DBMS
What is denormalization and when is it useful?,genuine,DBMS
What are the trade-offs between normalization and denormalization?,genuine,DBMS
How can redundant data affect database performance?,genuine,DBMS
Why is schema design important in DBMS?,genuine,DBMS
What is SQL and why is it widely used?,genuine,DBMS
How does the SELECT statement retrieve data?,genuine,DBMS
What is the purpose of the WHERE clause?,genuine,DBMS
How do ORDER BY and GROUP BY differ?,genuine,DBMS
What is the role of aggregate functions in SQL?,genuine,DBMS
How can COUNT() be used in database queries?,genuine,DBMS
What is the difference between DELETE and TRUNCATE?,genuine,DBMS
How does UPDATE modify existing records?,genuine,DBMS
What is the purpose of the INSERT statement?,genuine,DBMS
How can DISTINCT remove duplicate values from results?,genuine,DBMS
What are joins and why are they important?,genuine,DBMS
How does an INNER JOIN work?,genuine,DBMS
What is the difference between LEFT JOIN and RIGHT JOIN?,genuine,DBMS
How does a FULL OUTER JOIN combine records?,genuine,DBMS
What are self joins and when are they used?,genuine,DBMS
How do cross joins generate combinations of records?,genuine,DBMS
What is the purpose of subqueries in SQL?,genuine,DBMS
How do correlated subqueries differ from normal subqueries?,genuine,DBMS
What are views and why are they useful?,genuine,DBMS
How do materialized views improve performance?,genuine,DBMS
What is a transaction in DBMS?,genuine,DBMS
How do transactions ensure data consistency?,genuine,DBMS
What are the ACID properties of transactions?,genuine,DBMS
How does atomicity guarantee reliable execution?,genuine,DBMS
Why is consistency important in transactions?,genuine,DBMS
How does isolation prevent interference between transactions?,genuine,DBMS
What is durability in transaction management?,genuine,DBMS
How do COMMIT and ROLLBACK work?,genuine,DBMS
What are savepoints used for in transactions?,genuine,DBMS
How does transaction recovery restore data after failures?,genuine,DBMS
What is concurrency control in DBMS?,genuine,DBMS
How do locks prevent data inconsistencies?,genuine,DBMS
What is the difference between shared and exclusive locks?,genuine,DBMS
How does two-phase locking maintain serializability?,genuine,DBMS
What causes deadlocks in database systems?,genuine,DBMS
How can deadlocks be detected and resolved?,genuine,DBMS
What is timestamp-based concurrency control?,genuine,DBMS
How does optimistic concurrency control work?,genuine,DBMS
What is serializability in transaction processing?,genuine,DBMS
How do isolation levels affect database performance?,genuine,DBMS
What is indexing and why is it important?,genuine,DBMS
How do indexes speed up data retrieval?,genuine,DBMS
What is the difference between clustered and non-clustered indexes?,genuine,DBMS
How do B-Trees support efficient searching?,genuine,DBMS
What are hash indexes used for?,genuine,DBMS
How can excessive indexing reduce performance?,genuine,DBMS
What is query optimization in DBMS     ?,genuine,DBMS
How does a query optimizer choose execution plans?,genuine,DBMS
What factors influence query performance?,genuine,DBMS
How can indexing improve query optimization?,genuine,DBMS
What is database recovery and why is it needed?,genuine,DBMS
How does checkpointing help in recovery?,genuine,DBMS
What are log files used for in DBMS  ?,genuine,DBMS
How does crash recovery restore database consistency?,genuine,DBMS
What is shadow paging in recovery management?,genuine,DBMS
What is a distributed database system?,genuine,DBMS
How does data fragmentation work in distributed databases?,genuine,DBMS
What are the benefits of database replication?,genuine,DBMS
How do distributed transactions maintain consistency?,genuine,DBMS
What challenges arise in distributed database environments?,genuine,DBMS
What is a NoSQL database? Does it have a relational structure?     ,genuine,DBMS
How do document databases differ from relational databases?,genuine,DBMS
What are key-value databases used for?,genuine,DBMS
How do graph databases represent relationships?,genuine,DBMS
What are the advantages of NoSQL databases for large-scale applications?,genuine,DBMS
How does database security protect sensitive information?,genuine,DBMS
What are database privileges and roles?,genuine,DBMS
How can SQL injection attacks be prevented?,genuine,DBMS
What is the role of auditing in database security?,genuine,DBMS
How does query optimization work? Can someone explain with an example?,genuine,DBMS
What is TCP/IP? Differentiate between TCP and UDP?,genuine,CN
 What is the primary purpose of a computer network?                                  ,genuine,CN
    How does a LAN differ from a WAN?                                                   ,genuine,CN
    What are the main components of a network infrastructure?                           ,genuine,CN
    Why are communication protocols necessary in networking?                            ,genuine,CN
    How does data travel between two computers on a network?                            ,genuine,CN
    What is the purpose of the OSI reference model?                                     ,genuine,CN
    How many layers are present in the OSI model?                                       ,genuine,CN
    What functions are performed by the Physical Layer?                                 ,genuine,CN
    How does the Data Link Layer ensure reliable communication?                         ,genuine,CN
    What are the responsibilities of the Network Layer?                                 ,genuine,CN
    How does the Transport Layer provide end-to-end communication?                      ,genuine,CN
    What is the role of the Session Layer in networking?                                ,genuine,CN
    How does the Presentation Layer handle data formatting?                             ,genuine,CN
    What services are provided by the Application Layer?                                ,genuine,CN
    How does the TCP/IP model differ from the OSI model?                                ,genuine,CN
    What are the layers of the TCP/IP protocol suite?                                   ,genuine,CN
    How does TCP establish a connection between devices?                                ,genuine,CN
    What is the purpose of the three-way handshake in TCP?                              ,genuine,CN
    How does TCP ensure reliable data delivery?                                         ,genuine,CN
    Why is UDP considered a connectionless protocol?                                    ,genuine,CN
    What are the key differences between TCP and UDP?                                   ,genuine,CN
    In what situations is UDP preferred over TCP?                                       ,genuine,CN
    What is an IP address and why is it required?                                       ,genuine,CN
    How does IPv4 differ from IPv6?                                                     ,genuine,CN
    What are the advantages of IPv6 over IPv4?                                          ,genuine,CN
    How is an IP address structured?                                                    ,genuine,CN
    What is subnetting and why is it used?                                              ,genuine,CN
    How does subnet masking work?                                                       ,genuine,CN
    What is CIDR notation in networking?                                                ,genuine,CN
    How do private IP addresses differ from public IP addresses?                        ,genuine,CN
    What is NAT and how does it conserve IP addresses?                                  ,genuine,CN
    How does a router forward packets across networks?                                  ,genuine,CN
    What information is stored in a routing table?                                      ,genuine,CN
    How do static routes differ from dynamic routes?                                    ,genuine,CN
    What is the purpose of routing protocols?                                           ,genuine,CN
    How does RIP determine the best path?                                               ,genuine,CN
    What are the advantages of OSPF over RIP?                                           ,genuine,CN
    How does BGP manage routing on the internet?                                        ,genuine,CN
    What is the significance of Autonomous Systems in networking?                       ,genuine,CN
    How do gateways connect different networks?                                         ,genuine,CN
    What is the purpose of the Address Resolution Protocol?                             ,genuine,CN
    How does ARP map IP addresses to MAC addresses?                                     ,genuine,CN
    What is a MAC address and why is it important?                                      ,genuine,CN
    How do switches use MAC addresses for forwarding?                                   ,genuine,CN
    What is the difference between a hub and a switch?                                  ,genuine,CN
    Why are switches more efficient than hubs?                                          ,genuine,CN
    How does a bridge improve network segmentation?                                     ,genuine,CN
    What are VLANs and why are they used?                                               ,genuine,CN
    How does VLAN segmentation improve network security?                                ,genuine,CN
    What is the purpose of DNS in internet communication?                               ,genuine,CN
    How does DNS translate domain names into IP addresses?                              ,genuine,CN
    What happens when a DNS lookup is performed?                                        ,genuine,CN
    What is DHCP and why is it useful?                                                  ,genuine,CN
    How does DHCP automatically assign IP addresses?                                    ,genuine,CN
    What are the stages of the DHCP process?                                            ,genuine,CN
    How does HTTP facilitate web communication?                                         ,genuine,CN
    What is the difference between HTTP and HTTPS?                                      ,genuine,CN
    How does SSL/TLS secure network communication?                                      ,genuine,CN
    What role do certificates play in HTTPS connections?                                ,genuine,CN
    How does email communication work over networks?                                    ,genuine,CN
    What are the functions of SMTP in email systems?                                    ,genuine,CN
    How do POP3 and IMAP differ?                                                        ,genuine,CN
    What is packet switching and how does it work?                                      ,genuine,CN
    How does packet switching differ from circuit switching?                            ,genuine,CN
    What are the advantages of packet-switched networks?                                ,genuine,CN
    How does congestion occur in a network?                                             ,genuine,CN
    What techniques are used to control network congestion?                             ,genuine,CN
    What is flow control in data communication?                                         ,genuine,CN
    How does TCP implement flow control?                                                ,genuine,CN
    What is error detection in networking?                                              ,genuine,CN
    How does checksum-based error detection work?                                       ,genuine,CN
    What is cyclic redundancy check (CRC)?                                              ,genuine,CN
    How do networks recover from transmission errors?                                   ,genuine,CN
    What is the purpose of retransmission mechanisms?                                   ,genuine,CN
    How does Wi-Fi communication differ from wired networking?                          ,genuine,CN
    What standards are commonly used in wireless networks?                              ,genuine,CN
    How does a wireless access point function?                                          ,genuine,CN
    What factors affect wireless signal strength?                                       ,genuine,CN
    How do mobile networks support internet connectivity?                               ,genuine,CN
    What is the role of 5G technology in modern networking?                             ,genuine,CN
    How does Bluetooth enable short-range communication?                                ,genuine,CN
    What is network security and why is it important?                                   ,genuine,CN
    How does a firewall protect a network?                                              ,genuine,CN
    What is the purpose of intrusion detection systems?                                 ,genuine,CN
    How do VPNs provide secure remote access?                                           ,genuine,CN
    What is encryption and how is it applied in networking?                             ,genuine,CN
    How do attackers perform man-in-the-middle attacks?                                 ,genuine,CN
    What measures can prevent network spoofing attacks?                                 ,genuine,CN
    How does authentication improve network security?                                   ,genuine,CN
    What is packet sniffing and how can it be detected?                                 ,genuine,CN
    How do denial-of-service attacks affect networks?                                   ,genuine,CN
    What is cloud networking and how does it work?                                      ,genuine,CN
    How do content delivery networks improve performance?                               ,genuine,CN
    What are software-defined networks (SDN)?                                           ,genuine,CN
    How does network virtualization improve resource utilization?                       ,genuine,CN
    What are the advantages of edge computing in networking?                            ,genuine,CN
    How do IoT devices communicate over networks?                                       ,genuine,CN
    What challenges arise when scaling large enterprise networks?                       ,genuine,CN
    How does quality of service (QoS) improve network performance?                      ,genuine,CN
Why is an object called an 'instance' of a class? What's the real-world analogy?,genuine,OOP
"Can a class exist without any objects, and can an object exist without a class?",genuine,OOP
"If a class is just a blueprint, where does it reside in memory before initialization?",genuine,OOP
What happens under the hood when you instantiate an object using the 'new' keyword?,genuine,OOP
Is it possible to create an object of a class inside that very same class definition?,genuine,OOP
How does an anonymous object differ from a named object in terms of scope and memory?,genuine,OOP
Why are local variables inside a method not given default values like object fields are?,genuine,OOP
What is the difference between a class variable and an instance variable?,genuine,OOP
Can you dynamically add properties to an object at runtime in strict OOP languages?,genuine,OOP
What is the primary role of the 'this' (or 'self') keyword inside an object's method?,genuine,OOP
How does Encapsulation protect data from unauthorized modification? Give a quick example.,genuine,OOP
"If all fields are private but we provide public getters and setters for all, is it still true encapsulation?",genuine,OOP
Why should we prefer Encapsulation over directly making all class variables public?,genuine,OOP
"What is the 'Tell, Don't Ask' principle in OOP, and how does it relate to encapsulation?",genuine,OOP
Can encapsulation be bypassed using reflection or pointer manipulation in languages like Java/C++?,genuine,OOP
How does encapsulation reduce architectural coupling between different modules?,genuine,OOP
What's the difference between 'Data Hiding' and 'Encapsulation'? Are they exactly the same?,genuine,OOP
"Why are write-only properties (only setter, no getter) rarely used but highly valuable in specific contexts?",genuine,OOP
How does a 'package-private' or 'internal' access modifier fit into the encapsulation strategy?,genuine,OOP
Can an inner class access the private variables of its outer class? Why or why not?,genuine,OOP
Why do many modern OOP languages block multiple inheritance of classes? What's the main danger?,genuine,OOP
What is the difference between 'IS-A' and 'HAS-A' relationships in object-oriented design?,genuine,OOP
How does the 'super' (or 'base') keyword help in chain execution of constructors?,genuine,OOP
"If a base class constructor is private, can it still be inherited by a subclass?",genuine,OOP
What happens to private fields of a superclass when a subclass inherits it?,genuine,OOP
Why is tight coupling considered the biggest drawback of using deep inheritance hierarchies?,genuine,OOP
What is the Liskov Substitution Principle (LSP) in simple terms regarding subtyping?,genuine,OOP
Can a subclass override a static method of the parent class? Explain the outcome.,genuine,OOP
What is object slicing in C++ when passing a derived class object by value to a base class parameter?,genuine,OOP
Why do we use 'final' or 'sealed' keywords to prevent a class from being inherited?,genuine,OOP
What is the fundamental difference between Compile-time and Runtime Polymorphism?,genuine,OOP
How does a Virtual Method Table (VMT/vtable) work under the hood during dynamic dispatch?,genuine,OOP
Can you overload a method by changing only its return type in Java or C++? Why?,genuine,OOP
"What is Method Overriding, and what are the strict rules regarding access modifiers during it?",genuine,OOP
Why is Covariant Return Type allowed in modern overriding? What problem does it solve?,genuine,OOP
"If you call an overridden method inside a base class constructor, which version executes?",genuine,OOP
"What is Operator Overloading, and why did languages like Java deliberately choose to exclude it?",genuine,OOP
How does duck typing in Python implement polymorphism without explicit inheritance interfaces?,genuine,OOP
What is the purpose of the '@Override' annotation? Is it mandatory or just helpful?,genuine,OOP
Can a static method exhibit polymorphic behavior during runtime? Explain why.,genuine,OOP
What is the structural difference between an Abstract Class and an Interface?,genuine,OOP
"Can an abstract class have a constructor? If yes, how do you invoke it?",genuine,OOP
Why can't you instantiate an interface or an abstract class directly?,genuine,OOP
When should you prefer an abstract class over an interface in your software architecture?,genuine,OOP
"What are default/default-implemented methods in modern interfaces, and why were they introduced?",genuine,OOP
Can an interface inherit from another interface? Can it inherit from multiple interfaces?,genuine,OOP
"What is a Marker Interface, and how does it convey metadata without defining methods?",genuine,OOP
Is it possible to have an abstract class without any abstract methods? What is the utility?,genuine,OOP
How does Abstraction help in reducing cognitive load for a developer utilizing an API?,genuine,OOP
"What is a Functional Interface, and how does it bridge classic OOP with functional programming?",genuine,OOP
"What is a Copy Constructor, and when is it implicitly triggered by the compiler?",genuine,OOP
What is the difference between a Shallow Copy and a Deep Copy during object construction?,genuine,OOP
Why does a compiler stop providing a default no-argument constructor once you define a custom one?,genuine,OOP
"What is a Singleton pattern, and why does it require a private constructor?",genuine,OOP
Can a constructor throw an exception? What happens to the memory already allocated?,genuine,OOP
"What is a Static Constructor/Static Initializer, and exactly when does it execute?",genuine,OOP
Why do destructors or finalizers fail to guarantee immediate execution in garbage-collected languages?,genuine,OOP
"What is Constructor Delegation, and how does it help eliminate duplicate initialization code?",genuine,OOP
Why must a base class destructor always be declared virtual in C++?,genuine,OOP
Can you call a constructor explicitly from another method of the same object after creation?,genuine,OOP
Why is the rule 'Favor Composition over Inheritance' so heavily preached in OOP design?,genuine,OOP
What is a 'Tight Coupling' vs 'Loose Coupling' scenario involving interfaces?,genuine,OOP
How does Dependency Injection (DI) leverage interfaces to enable mock testing?,genuine,OOP
What happens when a class implements two interfaces that share an identical method signature?,genuine,OOP
What is the Interface Segregation Principle (ISP)? Why are small interfaces better than fat ones?,genuine,OOP
How does Composition allow changing an object's behavior dynamically at runtime?,genuine,OOP
"Can an interface have private methods? If yes, what is their purpose?",genuine,OOP
What is the difference between Aggregation and Composition? Give a clear lifecycle analogy.,genuine,OOP
Why are fields declared inside an interface implicitly 'public static final' in Java?,genuine,OOP
How do abstract classes help implement the Template Method Design Pattern alongside interfaces?,genuine,OOP
"What is the role of the Garbage Collector in OOP, and how does it identify unreachable objects?",genuine,OOP
"What is a Memory Leak in an OOP environment, and how can static fields cause them?",genuine,OOP
"How does the 'Immutable Object' pattern work, and why is it inherently thread-safe?",genuine,OOP
"What is Runtime Type Information (RTTI) / Reflection, and what are its performance costs?",genuine,OOP
What is the difference between early binding and late binding in compiled vs interpreted languages?,genuine,OOP
"How does an inner class hold an implicit reference to its outer class, and why does it matter?",genuine,OOP
"What is the 'Law of Demeter' (Principle of Least Knowledge), and how does it protect encapsulation?",genuine,OOP
"Why are global variables discouraged in OOP, and what is the proper object-oriented alternative?",genuine,OOP
"What is the Open/Closed Principle (OCP), and how does polymorphism help achieve it?",genuine,OOP
Explain the concept of an Abstract Factory pattern using simple OOP terms.,genuine,OOP
How does the Single Responsibility Principle (SRP) change the way we design a class's methods?,genuine,OOP
"What is the Dependency Inversion Principle, and how does it reverse traditional top-down dependency?",genuine,OOP
How does violating the Liskov Substitution Principle break runtime predictability?,genuine,OOP
"In the context of the Open/Closed Principle, how do you extend behavior without modifying source code?",genuine,OOP
"What is Cohesion in OOP, and why do we aim for high cohesion and low coupling?",genuine,OOP
"How does anemic domain model (classes with only data, no behavior) violate pure OOP tenets?",genuine,OOP
"What is a God Object / God Class, and why is it considered a major anti-pattern?",genuine,OOP
"How does the Strategy Pattern eliminate long, nested switch/if-else blocks dynamically?",genuine,OOP
What is the difference between Method Overloading and Method Overriding in the context of polymorphism?,genuine,OOP
"Why is subtyping distinct from inheritance, even though they share the same keywords?",genuine,OOP
"What is a 'Pure' Object-Oriented Language, and why is Java not considered purely OOP?",genuine,OOP
How does the 'String Pool' concept in Java relate to object immutability?,genuine,OOP
"What is object serialization, and why must some sensitive fields be marked transient/ignored?",genuine,OOP
Can you override a private method if you define a method with the same name in a subclass?,genuine,OOP
What is the difference between equal-by-reference (==) and equal-by-value (.equals())?,genuine,OOP
How do extension methods allow adding functionality to a class without inheritance?,genuine,OOP
"What is object-relational mapping (ORM) mismatch, and why does it happen between OOP and SQL?",genuine,OOP
What are covariant vs contravariant generic type parameters in object collections?,genuine,OOP
Why does passing an object as a argument copy its reference value rather than the object data itself?,genuine,OOP
"What is a nested/static inner class, and why doesn't it have access to instance variables of outer class?",genuine,OOP
How should I start preparing for placements?,genuine,Misc
What are the most common aptitude topics asked in placements?,genuine,Misc
How can I improve my logical reasoning skills?,genuine,Misc
What is the best strategy to solve quantitative aptitude questions quickly?,genuine,Misc
How many months before placements should I start preparation?,genuine,Misc
What are the most frequently asked HR interview questions?,genuine,Misc
How can I improve my communication skills for interviews?,genuine,Misc
What should I include in my resume as a fresher?,genuine,Misc
How can I make my resume stand out?,genuine,Misc
What are the common mistakes students make during interviews?,genuine,Misc
"How do I answer ""Tell me about yourself""?",genuine,Misc
How should I explain my projects during placements?,genuine,Misc
What should I wear for a placement interview?,genuine,Misc
How do I prepare for group discussions?,genuine,Misc
What are some tips to crack technical interviews?,genuine,Misc
How can I overcome interview nervousness?,genuine,Misc
What are the best websites for aptitude practice?,genuine,Misc
How can I improve my English speaking skills?,genuine,Misc
What is the difference between an internship and a full-time job?,genuine,Misc
How do I find internship opportunities?,genuine,Misc
What should I do if I get rejected in an interview?,genuine,Misc
How important is CGPA for placements?,genuine,Misc
Can students with low CGPA get placed?,genuine,Misc
How do I balance academics and placement preparation?,genuine,Misc
What are some good resources for verbal ability preparation?,genuine,Misc
How can I increase my problem-solving speed?,genuine,Misc
What is the STAR method in interviews?,genuine,Misc
How should I answer behavioral interview questions?,genuine,Misc
What are some common puzzle questions asked in interviews?,genuine,Misc
How can I improve my confidence during interviews?,genuine,Misc
How should I answer behavioral interview questions?,genuine,Misc
What are some common puzzle questions asked in interviews?,genuine,Misc
How can I improve my confidence during interviews?,genuine,Misc
What are the best books for aptitude preparation?,genuine,Misc
How do I prepare for company-specific placement drives?,genuine,Misc
What are the advantages of doing internships?,genuine,Misc
How do I write an effective LinkedIn profile?,genuine,Misc
How can networking help in getting a job?,genuine,Misc
What skills are recruiters looking for in freshers?,genuine,Misc
How do I handle stress during placement season?,genuine,Misc
What are some common resume screening criteria?,genuine,Misc
How do I answer questions about my weaknesses?,genuine,Misc
What should I do if I don't know an interview answer?,genuine,Misc
How important are certifications for placements?,genuine,Misc
Which certifications are useful for engineering students?,genuine,Misc
How can I improve my presentation skills?,genuine,Misc
What are the most common aptitude formulas to remember?,genuine,Misc
How can I prepare for campus recruitment tests?,genuine,Misc
What are some time management tips for students?,genuine,Misc
How do I prepare for online coding assessments?,genuine,Misc
What is the best way to revise before placement exams?,genuine,Misc
How can I improve my concentration while studying?,genuine,Misc
What are the benefits of participating in hackathons?,genuine,Misc
How do I introduce myself in a group discussion?,genuine,Misc
What are some frequently asked situational interview questions?,genuine,Misc
How can I build a strong professional profile?,genuine,Misc
What is the importance of teamwork skills in placements?,genuine,Misc
How do recruiters evaluate communication skills?,genuine,Misc
What are some common aptitude shortcuts?,genuine,Misc
How can I solve reasoning questions more efficiently?,genuine,Misc
What are the best mock interview platforms?,genuine,Misc
How do I prepare for off-campus placements?,genuine,Misc
What should I do after getting a job offer?,genuine,Misc
How can I negotiate salary as a fresher?,genuine,Misc
What are the most important soft skills for freshers?,genuine,Misc
How do I write a professional email?,genuine,Misc
What are some common email etiquette rules?,genuine,Misc
How can I improve my public speaking skills?,genuine,Misc
What is emotional intelligence and why is it important?,genuine,Misc
How do I stay motivated during job preparation?,genuine,Misc
What are the benefits of joining student clubs?,genuine,Misc
How can I improve my leadership skills?,genuine,Misc
What are some common workplace expectations for freshers?,genuine,Misc
How do I prepare for aptitude sections involving percentages?,genuine,Misc
What are the best techniques for solving puzzles?,genuine,Misc
How do I improve my critical thinking ability?,genuine,Misc
What are the advantages of mock interviews?,genuine,Misc
How can I effectively answer case study questions?,genuine,Misc
What are some common mistakes in resume writing?,genuine,Misc
How do I explain gaps in my academic record?,genuine,Misc
What is the role of extracurricular activities in placements?,genuine,Misc
How can I build a personal brand as a student?,genuine,Misc
What are some effective networking strategies?,genuine,Misc
How do I prepare for telephonic interviews?,genuine,Misc
What should I expect in a video interview?,genuine,Misc
How do I maintain eye contact during interviews?,genuine,Misc
What are some tips for answering rapid-fire interview questions?,genuine,Misc
How do I manage multiple job applications?,genuine,Misc
What are some good habits for career growth?,genuine,Misc
How can I improve my decision-making skills?,genuine,Misc
What are some techniques to reduce exam anxiety?,genuine,Misc
How do I prepare for verbal ability tests?,genuine,Misc
What are some common logical reasoning question types?,genuine,Misc
How can I improve my numerical ability?,genuine,Misc
What are some strategies for solving data interpretation questions?,genuine,Misc
How do I prepare for managerial rounds?,genuine,Misc
What should I do during the first week of an internship?,genuine,Misc
How can I convert an internship into a full-time offer?,genuine,Misc
What are the key qualities of a successful professional?,genuine,Misc
Win a free iPhone,spam,NA
Click here to claim reward,spam,NA
Earn money online,spam,NA
Limited time offer,spam,NA
Free cryptocurrency giveaway,spam,NA
Buy followers instantly,spam,NA
Get assignment solutions for cheap,spam,NA
Download premium software free,spam,NA
"Congratulations, you are selected",spam,NA
Exclusive offer available now,spam,NA
